tag,zone,note
Dewsbury,Europe/London,1942 scan - ignored anyway
Glennandrew,Pacific/Auckland,
Whakapapa,Pacific/Auckland,
Taupo,Pacific/Auckland,
WaihekeIsland,Pacific/Auckland,
Singapore,Asia/Singapore,
Dubai,Asia/Dubai,
Clevedon/Beachlands,Pacific/Auckland,
TamakiSandspit,Pacific/Auckland,
Tawharanui,Pacific/Auckland,
WaihiBeach,Pacific/Auckland,
Karekare,Pacific/Auckland,
WhangaroaBach,Pacific/Auckland,
Waiheke,Pacific/Auckland,
Tucson,America/Phoenix,
Flagstaff,America/Phoenix,
Grand,America/Phoenix,Grand Canyon
Peublo,,"UNSURE: Pueblo, Colorado (America/Denver) or an Arizona pueblo? 3 photos - left unmapped"
Farnham,Europe/London,
Guildford,Europe/London,
"AlmaLane,Farnham",Europe/London,
"BourneMill,Farnham",Europe/London,
Petworth,Europe/London,
Petersfield,Europe/London,
Pakuranga,Pacific/Auckland,
Howick,Pacific/Auckland,
HalfMoonBay,Pacific/Auckland,
PakurangaPlaza,Pacific/Auckland,
PatuaSouth,Pacific/Auckland,
Whangamata,Pacific/Auckland,
"MtWilliam,Pukeno",Pacific/Auckland,
"Addington,Christchurch",Pacific/Auckland,
"BotanicalGardens,Christchurch",Pacific/Auckland,
"OldUniversity,Christchurch",Pacific/Auckland,
Puhoi,Pacific/Auckland,
MusicPoint,Pacific/Auckland,
Grantchester,Europe/London,
Cardoso,Europe/Rome,"assumed Cardoso, Tuscany - check"
Lucca,Europe/Rome,
"Pisa,Italy",Europe/Rome,
"Sienna,Italy",Europe/Rome,
Bologna,Europe/Rome,
"PoValley,Italy",Europe/Rome,
"Genoa,Italy",Europe/Rome,
Oakham,Europe/London,
Cambridge,Europe/London,
Vanuatu,Pacific/Efate,
"Kuoatuna,Coromandel",Pacific/Auckland,
"Ngunguru,Northland",Pacific/Auckland,
Omokoroa,Pacific/Auckland,
MtManganui,Pacific/Auckland,
51Omokoroa,Pacific/Auckland,
OakCreek,America/Phoenix,
GrandCanyon,America/Phoenix,
Sedona,America/Phoenix,
"OakCreek,Arizona",America/Phoenix,
"Tuscon,Arizona",America/Phoenix,sic
Lichfield,Europe/London,
"Beaumaris,Anglesea",Europe/London,
"ThePeaks,Derbyshire",Europe/London,
Cotswolds,Europe/London,
Glenandrew,Pacific/Auckland,
Auckland,Pacific/Auckland,
"MtEden,Auckland",Pacific/Auckland,
"EasternBeach,Auckland",Pacific/Auckland,
"MissionBay,Auckland",Pacific/Auckland,
AucklandMuseum,Pacific/Auckland,
"MOTAT,Auckland",Pacific/Auckland,
Whakamaramara,Pacific/Auckland,
Tauranga,Pacific/Auckland,
Glennandre,Pacific/Auckland,
"StoupBeck,Ravenscar",Europe/London,
MtMaunganui,Pacific/Auckland,
Kaimai,Pacific/Auckland,
Townshend,Pacific/Auckland,
ParkIsland,Pacific/Auckland,
HastingsMarket,Pacific/Auckland,
"MissionEstate,Napier",Pacific/Auckland,
Omokroa,Pacific/Auckland,
OmokoroaBeach,Pacific/Auckland,
Northland,Pacific/Auckland,
Napier,Pacific/Auckland,
Martinborough,Pacific/Auckland,
LakeFerry,Pacific/Auckland,
PutangiruaPinnacles,Pacific/Auckland,
Wanganui,Pacific/Auckland,
Puraruru,Pacific/Auckland,
TimberTrail,Pacific/Auckland,
Pukatoki,Pacific/Auckland,
Katikati,Pacific/Auckland,
Rotorua,Pacific/Auckland,
Featherston,Pacific/Auckland,
Kaikoura,Pacific/Auckland,
"Akaroa,SouthIsland",Pacific/Auckland,
"Gore,SouthIsland",Pacific/Auckland,
"TeAnau,SouthIsland",Pacific/Auckland,
"OtagoRailTrail,SouthIsland",Pacific/Auckland,
"LakeTekapo,SouthIsland",Pacific/Auckland,
Waihi,Pacific/Auckland,
"MaclarenFalls,Tauranga",Pacific/Auckland,
Puketoki,Pacific/Auckland,
"Hahei,coromandel",Pacific/Auckland,
"Whitianga,Coromandel",Pacific/Auckland,
"OkereFalls,Rotorua",Pacific/Auckland,
MaclarenFalls,Pacific/Auckland,
Coromandel,Pacific/Auckland,
"Matarangi,Coromandel",Pacific/Auckland,
